scenEPR,scenCO2,scenH2,tech,generation,H2gene
3000,0,150,Offshore,22.32,50
3000,100,150,Offshore,9.67,51.95
3000,200,150,Offshore,0.00,63.8
3000,300,150,Offshore,2.98,67.175
3000,400,150,Offshore,13.08,68.9
3000,500,150,Offshore,10.64,61.1
3000,0,250,Offshore,26.97,50
3000,100,250,Offshore,8.31,50
3000,200,250,Offshore,0.00,51.05
3000,300,250,Offshore,0.00,60.775
3000,400,250,Offshore,0.00,62.775
3000,500,250,Offshore,0.00,59.3
3000,0,350,Offshore,31.73,50
3000,100,350,Offshore,8.30,50
3000,200,350,Offshore,0.00,51.05
3000,300,350,Offshore,0.00,51.075
3000,400,350,Offshore,0.00,59.825
3000,500,350,Offshore,0.00,59.75
3000,0,450,Offshore,16.07,50
3000,100,450,Offshore,4.63,50
3000,200,450,Offshore,0.00,50
3000,300,450,Offshore,0.00,51.075
3000,400,450,Offshore,0.00,53.2
3000,500,450,Offshore,0.00,59.275
3000,0,550,Offshore,14.52,50
3000,100,550,Offshore,3.13,50
3000,200,550,Offshore,0.00,50
3000,300,550,Offshore,0.00,51.125
3000,400,550,Offshore,0.00,51.3
3000,500,550,Offshore,0.00,51.95
3000,0,650,Offshore,0.00,50
3000,100,650,Offshore,1.74,50
3000,200,650,Offshore,0.00,50
3000,300,650,Offshore,0.00,51.2
3000,400,650,Offshore,0.00,51.375
3000,500,650,Offshore,0.00,51.6
3900,0,150,Offshore,22.07,50
3900,100,150,Offshore,83.03,64.675
3900,200,150,Offshore,91.59,72.05
3900,300,150,Offshore,91.59,80.45
3900,400,150,Offshore,91.59,84.925
3900,500,150,Offshore,91.59,85.175
3900,0,250,Offshore,26.95,50
3900,100,250,Offshore,70.43,50
3900,200,250,Offshore,91.59,63.725
3900,300,250,Offshore,91.59,72.075
3900,400,250,Offshore,91.59,79.65
3900,500,250,Offshore,91.59,80.775
3900,0,350,Offshore,21.11,50
3900,100,350,Offshore,75.98,50
3900,200,350,Offshore,83.98,51.55
3900,300,350,Offshore,91.59,64.2
3900,400,350,Offshore,91.59,73.35
3900,500,350,Offshore,91.59,77.25
3900,0,450,Offshore,16.03,50
3900,100,450,Offshore,79.72,50
3900,200,450,Offshore,90.79,51.6
3900,300,450,Offshore,90.06,53.275
3900,400,450,Offshore,85.96,63.3
3900,500,450,Offshore,85.43,71.275
3900,0,550,Offshore,11.68,50
3900,100,550,Offshore,84.97,50
3900,200,550,Offshore,91.59,50
3900,300,550,Offshore,83.91,51.625
3900,400,550,Offshore,68.80,51.6
3900,500,550,Offshore,62.09,59.425
3900,0,650,Offshore,0.00,50
3900,100,650,Offshore,89.63,50
3900,200,650,Offshore,91.59,50
3900,300,650,Offshore,82.90,51.65
3900,400,650,Offshore,67.46,51.625
3900,500,650,Offshore,49.94,51.625
4800,0,150,Offshore,21.31,50
4800,100,150,Offshore,83.03,64.675
4800,200,150,Offshore,91.59,72.05
4800,300,150,Offshore,93.01,73.975
4800,400,150,Offshore,117.42,85.375
4800,500,150,Offshore,121.02,86.375
4800,0,250,Offshore,26.97,50
4800,100,250,Offshore,70.64,50
4800,200,250,Offshore,91.59,63.7
4800,300,250,Offshore,91.59,66.05
4800,400,250,Offshore,119.7,77.425
4800,500,250,Offshore,91.59,84.075
4800,0,350,Offshore,30.72,50
4800,100,350,Offshore,76.03,50
4800,200,350,Offshore,83.97,51.55
4800,300,350,Offshore,91.59,57.6
4800,400,350,Offshore,102.22,64.625
4800,500,350,Offshore,108.36,75.525
4800,0,450,Offshore,16.06,50
4800,100,450,Offshore,79.67,50
4800,200,450,Offshore,90.80,51.6
4800,300,450,Offshore,91.59,51.575
4800,400,450,Offshore,91.59,53
4800,500,450,Offshore,91.59,63.575
4800,0,550,Offshore,14.47,50
4800,100,550,Offshore,85.06,50
4800,200,550,Offshore,91.59,50
4800,300,550,Offshore,91.59,51.575
4800,400,550,Offshore,91.59,51.575
4800,500,550,Offshore,91.59,56.9
4800,0,650,Offshore,0.00,50
4800,100,650,Offshore,89.48,50
4800,200,650,Offshore,91.59,50
4800,300,650,Offshore,91.59,51.575
4800,400,650,Offshore,91.59,51.6
4800,500,650,Offshore,91.59,51.7
3000,0,150,Onshore,339.48,50
3000,100,150,Onshore,339.48,51.95
3000,200,150,Onshore,339.48,63.8
3000,300,150,Onshore,339.48,67.175
3000,400,150,Onshore,339.48,68.9
3000,500,150,Onshore,339.48,61.1
3000,0,250,Onshore,339.48,50
3000,100,250,Onshore,339.48,50
3000,200,250,Onshore,339.48,51.05
3000,300,250,Onshore,339.48,60.775
3000,400,250,Onshore,339.48,62.775
3000,500,250,Onshore,339.48,59.3
3000,0,350,Onshore,339.48,50
3000,100,350,Onshore,339.48,50
3000,200,350,Onshore,339.48,51.05
3000,300,350,Onshore,339.48,51.075
3000,400,350,Onshore,339.48,59.825
3000,500,350,Onshore,339.48,59.75
3000,0,450,Onshore,339.48,50
3000,100,450,Onshore,339.48,50
3000,200,450,Onshore,339.48,50
3000,300,450,Onshore,339.48,51.075
3000,400,450,Onshore,339.48,53.2
3000,500,450,Onshore,339.48,59.275
3000,0,550,Onshore,339.48,50
3000,100,550,Onshore,339.48,50
3000,200,550,Onshore,339.48,50
3000,300,550,Onshore,339.48,51.125
3000,400,550,Onshore,339.48,51.3
3000,500,550,Onshore,339.48,51.95
3000,0,650,Onshore,339.48,50
3000,100,650,Onshore,339.48,50
3000,200,650,Onshore,339.48,50
3000,300,650,Onshore,339.48,51.2
3000,400,650,Onshore,339.48,51.375
3000,500,650,Onshore,339.48,51.6
3900,0,150,Onshore,339.48,50
3900,100,150,Onshore,339.48,64.675
3900,200,150,Onshore,339.48,72.05
3900,300,150,Onshore,339.48,80.45
3900,400,150,Onshore,339.48,84.925
3900,500,150,Onshore,339.48,85.175
3900,0,250,Onshore,339.48,50
3900,100,250,Onshore,339.48,50
3900,200,250,Onshore,339.48,63.725
3900,300,250,Onshore,339.48,72.075
3900,400,250,Onshore,339.48,79.65
3900,500,250,Onshore,339.48,80.775
3900,0,350,Onshore,339.48,50
3900,100,350,Onshore,339.48,50
3900,200,350,Onshore,339.48,51.55
3900,300,350,Onshore,339.48,64.2
3900,400,350,Onshore,339.48,73.35
3900,500,350,Onshore,339.48,77.25
3900,0,450,Onshore,339.48,50
3900,100,450,Onshore,339.48,50
3900,200,450,Onshore,339.48,51.6
3900,300,450,Onshore,339.48,53.275
3900,400,450,Onshore,339.48,63.3
3900,500,450,Onshore,339.48,71.275
3900,0,550,Onshore,339.48,50
3900,100,550,Onshore,339.48,50
3900,200,550,Onshore,339.48,50
3900,300,550,Onshore,339.48,51.625
3900,400,550,Onshore,339.48,51.6
3900,500,550,Onshore,339.48,59.425
3900,0,650,Onshore,339.48,50
3900,100,650,Onshore,339.48,50
3900,200,650,Onshore,339.48,50
3900,300,650,Onshore,339.48,51.65
3900,400,650,Onshore,339.48,51.625
3900,500,650,Onshore,339.48,51.625
4800,0,150,Onshore,339.48,50
4800,100,150,Onshore,339.48,64.675
4800,200,150,Onshore,339.48,72.05
4800,300,150,Onshore,339.48,73.975
4800,400,150,Onshore,339.48,85.375
4800,500,150,Onshore,339.48,86.375
4800,0,250,Onshore,339.48,50
4800,100,250,Onshore,339.48,50
4800,200,250,Onshore,339.48,63.7
4800,300,250,Onshore,339.48,66.05
4800,400,250,Onshore,339.48,77.425
4800,500,250,Onshore,339.48,84.075
4800,0,350,Onshore,339.48,50
4800,100,350,Onshore,339.48,50
4800,200,350,Onshore,339.48,51.55
4800,300,350,Onshore,339.48,57.6
4800,400,350,Onshore,339.48,64.625
4800,500,350,Onshore,339.48,75.525
4800,0,450,Onshore,339.48,50
4800,100,450,Onshore,339.48,50
4800,200,450,Onshore,339.48,51.6
4800,300,450,Onshore,339.48,51.575
4800,400,450,Onshore,339.48,53
4800,500,450,Onshore,339.48,63.575
4800,0,550,Onshore,339.48,50
4800,100,550,Onshore,339.48,50
4800,200,550,Onshore,339.48,50
4800,300,550,Onshore,339.48,51.575
4800,400,550,Onshore,339.48,51.575
4800,500,550,Onshore,339.48,56.9
4800,0,650,Onshore,339.48,50
4800,100,650,Onshore,339.48,50
4800,200,650,Onshore,339.48,50
4800,300,650,Onshore,339.48,51.575
4800,400,650,Onshore,339.48,51.6
4800,500,650,Onshore,339.48,51.7
3000,0,150,PV,134.92,50
3000,100,150,PV,106.29,51.95
3000,200,150,PV,105.43,63.8
3000,300,150,PV,105.37,67.175
3000,400,150,PV,102.33,68.9
3000,500,150,PV,103.77,61.1
3000,0,250,PV,134.92,50
3000,100,250,PV,107.69,50
3000,200,250,PV,99.37,51.05
3000,300,250,PV,101.40,60.775
3000,400,250,PV,99.06,62.775
3000,500,250,PV,100.21,59.3
3000,0,350,PV,134.92,50
3000,100,350,PV,108.26,50
3000,200,350,PV,100.33,51.05
3000,300,350,PV,96.79,51.075
3000,400,350,PV,97.72,59.825
3000,500,350,PV,97.78,59.75
3000,0,450,PV,133.93,50
3000,100,450,PV,108.06,50
3000,200,450,PV,100.04,50
3000,300,450,PV,97.68,51.075
3000,400,450,PV,96.11,53.2
3000,500,450,PV,96.41,59.275
3000,0,550,PV,132.58,50
3000,100,550,PV,107.72,50
3000,200,550,PV,100.46,50
3000,300,550,PV,99.07,51.125
3000,400,550,PV,95.86,51.3
3000,500,550,PV,93.16,51.95
3000,0,650,PV,123.23,50
3000,100,650,PV,107.60,50
3000,200,650,PV,100.87,50
3000,300,650,PV,99.67,51.2
3000,400,650,PV,96.46,51.375
3000,500,650,PV,93.27,51.6
3900,0,150,PV,134.92,50
3900,100,150,PV,128.38,64.675
3900,200,150,PV,134.92,72.05
3900,300,150,PV,134.92,80.45
3900,400,150,PV,134.92,84.925
3900,500,150,PV,134.92,85.175
3900,0,250,PV,134.92,50
3900,100,250,PV,128.27,50
3900,200,250,PV,134.92,63.725
3900,300,250,PV,134.92,72.075
3900,400,250,PV,134.92,79.65
3900,500,250,PV,134.92,80.775
3900,0,350,PV,134.92,50
3900,100,350,PV,130.18,50
3900,200,350,PV,132.42,51.55
3900,300,350,PV,134.92,64.2
3900,400,350,PV,134.92,73.35
3900,500,350,PV,134.92,77.25
3900,0,450,PV,133.98,50
3900,100,450,PV,132.10,50
3900,200,450,PV,133.14,51.6
3900,300,450,PV,133.47,53.275
3900,400,450,PV,134.92,63.3
3900,500,450,PV,134.92,71.275
3900,0,550,PV,131.29,50
3900,100,550,PV,133.65,50
3900,200,550,PV,134.04,50
3900,300,550,PV,132.75,51.625
3900,400,550,PV,128.53,51.6
3900,500,550,PV,127.65,59.425
3900,0,650,PV,121.75,50
3900,100,650,PV,134.18,50
3900,200,650,PV,134.92,50
3900,300,650,PV,133.28,51.65
3900,400,650,PV,128.41,51.625
3900,500,650,PV,124.74,51.625
4800,0,150,PV,134.92,50
4800,100,150,PV,128.37,64.675
4800,200,150,PV,134.92,72.05
4800,300,150,PV,134.92,73.975
4800,400,150,PV,134.92,85.375
4800,500,150,PV,134.92,86.375
4800,0,250,PV,134.92,50
4800,100,250,PV,128.22,50
4800,200,250,PV,134.92,63.7
4800,300,250,PV,134.92,66.05
4800,400,250,PV,134.92,77.425
4800,500,250,PV,134.92,84.075
4800,0,350,PV,134.92,50
4800,100,350,PV,130.16,50
4800,200,350,PV,132.42,51.55
4800,300,350,PV,134.92,57.6
4800,400,350,PV,134.92,64.625
4800,500,350,PV,134.92,75.525
4800,0,450,PV,133.94,50
4800,100,450,PV,132.14,50
4800,200,450,PV,133.13,51.6
4800,300,450,PV,134.92,51.575
4800,400,450,PV,134.92,53
4800,500,450,PV,134.92,63.575
4800,0,550,PV,132.62,50
4800,100,550,PV,133.55,50
4800,200,550,PV,134.04,50
4800,300,550,PV,134.92,51.575
4800,400,550,PV,134.92,51.575
4800,500,550,PV,134.92,56.9
4800,0,650,PV,122.99,50
4800,100,650,PV,134.34,50
4800,200,650,PV,134.92,50
4800,300,650,PV,134.92,51.575
4800,400,650,PV,134.92,51.6
4800,500,650,PV,134.92,51.7
3000,0,150,Hydroelectricity,43.75,50
3000,100,150,Hydroelectricity,43.75,51.95
3000,200,150,Hydroelectricity,43.75,63.8
3000,300,150,Hydroelectricity,43.75,67.175
3000,400,150,Hydroelectricity,43.75,68.9
3000,500,150,Hydroelectricity,43.75,61.1
3000,0,250,Hydroelectricity,43.75,50
3000,100,250,Hydroelectricity,43.75,50
3000,200,250,Hydroelectricity,43.75,51.05
3000,300,250,Hydroelectricity,43.75,60.775
3000,400,250,Hydroelectricity,43.75,62.775
3000,500,250,Hydroelectricity,43.75,59.3
3000,0,350,Hydroelectricity,43.75,50
3000,100,350,Hydroelectricity,43.75,50
3000,200,350,Hydroelectricity,43.75,51.05
3000,300,350,Hydroelectricity,43.75,51.075
3000,400,350,Hydroelectricity,43.75,59.825
3000,500,350,Hydroelectricity,43.75,59.75
3000,0,450,Hydroelectricity,43.75,50
3000,100,450,Hydroelectricity,43.75,50
3000,200,450,Hydroelectricity,43.75,50
3000,300,450,Hydroelectricity,43.75,51.075
3000,400,450,Hydroelectricity,43.75,53.2
3000,500,450,Hydroelectricity,43.75,59.275
3000,0,550,Hydroelectricity,43.75,50
3000,100,550,Hydroelectricity,43.75,50
3000,200,550,Hydroelectricity,43.75,50
3000,300,550,Hydroelectricity,43.75,51.125
3000,400,550,Hydroelectricity,43.75,51.3
3000,500,550,Hydroelectricity,43.75,51.95
3000,0,650,Hydroelectricity,43.75,50
3000,100,650,Hydroelectricity,43.75,50
3000,200,650,Hydroelectricity,43.75,50
3000,300,650,Hydroelectricity,43.75,51.2
3000,400,650,Hydroelectricity,43.75,51.375
3000,500,650,Hydroelectricity,43.75,51.6
3900,0,150,Hydroelectricity,43.75,50
3900,100,150,Hydroelectricity,43.75,64.675
3900,200,150,Hydroelectricity,43.75,72.05
3900,300,150,Hydroelectricity,43.75,80.45
3900,400,150,Hydroelectricity,43.75,84.925
3900,500,150,Hydroelectricity,43.75,85.175
3900,0,250,Hydroelectricity,43.75,50
3900,100,250,Hydroelectricity,43.75,50
3900,200,250,Hydroelectricity,43.75,63.725
3900,300,250,Hydroelectricity,43.75,72.075
3900,400,250,Hydroelectricity,43.75,79.65
3900,500,250,Hydroelectricity,43.75,80.775
3900,0,350,Hydroelectricity,43.75,50
3900,100,350,Hydroelectricity,43.75,50
3900,200,350,Hydroelectricity,43.75,51.55
3900,300,350,Hydroelectricity,43.75,64.2
3900,400,350,Hydroelectricity,43.75,73.35
3900,500,350,Hydroelectricity,43.75,77.25
3900,0,450,Hydroelectricity,43.75,50
3900,100,450,Hydroelectricity,43.75,50
3900,200,450,Hydroelectricity,43.75,51.6
3900,300,450,Hydroelectricity,43.75,53.275
3900,400,450,Hydroelectricity,43.75,63.3
3900,500,450,Hydroelectricity,43.75,71.275
3900,0,550,Hydroelectricity,43.75,50
3900,100,550,Hydroelectricity,43.75,50
3900,200,550,Hydroelectricity,43.75,50
3900,300,550,Hydroelectricity,43.75,51.625
3900,400,550,Hydroelectricity,43.75,51.6
3900,500,550,Hydroelectricity,43.75,59.425
3900,0,650,Hydroelectricity,43.75,50
3900,100,650,Hydroelectricity,43.75,50
3900,200,650,Hydroelectricity,43.75,50
3900,300,650,Hydroelectricity,43.75,51.65
3900,400,650,Hydroelectricity,43.75,51.625
3900,500,650,Hydroelectricity,43.75,51.625
4800,0,150,Hydroelectricity,43.75,50
4800,100,150,Hydroelectricity,43.75,64.675
4800,200,150,Hydroelectricity,43.75,72.05
4800,300,150,Hydroelectricity,43.75,73.975
4800,400,150,Hydroelectricity,43.75,85.375
4800,500,150,Hydroelectricity,43.75,86.375
4800,0,250,Hydroelectricity,43.75,50
4800,100,250,Hydroelectricity,43.75,50
4800,200,250,Hydroelectricity,43.75,63.7
4800,300,250,Hydroelectricity,43.75,66.05
4800,400,250,Hydroelectricity,43.75,77.425
4800,500,250,Hydroelectricity,43.75,84.075
4800,0,350,Hydroelectricity,43.75,50
4800,100,350,Hydroelectricity,43.75,50
4800,200,350,Hydroelectricity,43.75,51.55
4800,300,350,Hydroelectricity,43.75,57.6
4800,400,350,Hydroelectricity,43.75,64.625
4800,500,350,Hydroelectricity,43.75,75.525
4800,0,450,Hydroelectricity,43.75,50
4800,100,450,Hydroelectricity,43.75,50
4800,200,450,Hydroelectricity,43.75,51.6
4800,300,450,Hydroelectricity,43.75,51.575
4800,400,450,Hydroelectricity,43.75,53
4800,500,450,Hydroelectricity,43.75,63.575
4800,0,550,Hydroelectricity,43.75,50
4800,100,550,Hydroelectricity,43.75,50
4800,200,550,Hydroelectricity,43.75,50
4800,300,550,Hydroelectricity,43.75,51.575
4800,400,550,Hydroelectricity,43.75,51.575
4800,500,550,Hydroelectricity,43.75,56.9
4800,0,650,Hydroelectricity,43.75,50
4800,100,650,Hydroelectricity,43.75,50
4800,200,650,Hydroelectricity,43.75,50
4800,300,650,Hydroelectricity,43.75,51.575
4800,400,650,Hydroelectricity,43.75,51.6
4800,500,650,Hydroelectricity,43.75,51.7
3000,0,150,Biogas,0,50
3000,100,150,Biogas,0,51.95
3000,200,150,Biogas,0,63.8
3000,300,150,Biogas,0.116,67.175
3000,400,150,Biogas,0.112,68.9
3000,500,150,Biogas,0.128,61.1
3000,0,250,Biogas,0,50
3000,100,250,Biogas,0,50
3000,200,250,Biogas,0,51.05
3000,300,250,Biogas,0.136,60.775
3000,400,250,Biogas,0.112,62.775
3000,500,250,Biogas,0.128,59.3
3000,0,350,Biogas,0,50
3000,100,350,Biogas,0,50
3000,200,350,Biogas,0,51.05
3000,300,350,Biogas,0.132,51.075
3000,400,350,Biogas,0.132,59.825
3000,500,350,Biogas,0.128,59.75
3000,0,450,Biogas,0,50
3000,100,450,Biogas,0,50
3000,200,450,Biogas,0,50
3000,300,450,Biogas,0.132,51.075
3000,400,450,Biogas,0.132,53.2
3000,500,450,Biogas,0.132,59.275
3000,0,550,Biogas,0,50
3000,100,550,Biogas,0,50
3000,200,550,Biogas,0,50
3000,300,550,Biogas,0.132,51.125
3000,400,550,Biogas,0.132,51.3
3000,500,550,Biogas,0.124,51.95
3000,0,650,Biogas,0,50
3000,100,650,Biogas,0,50
3000,200,650,Biogas,0,50
3000,300,650,Biogas,0.136,51.2
3000,400,650,Biogas,0.136,51.375
3000,500,650,Biogas,0.124,51.6
3900,0,150,Biogas,0,50
3900,100,150,Biogas,0,64.675
3900,200,150,Biogas,0,72.05
3900,300,150,Biogas,0.312,80.45
3900,400,150,Biogas,0.14,84.925
3900,500,150,Biogas,0.112,85.175
3900,0,250,Biogas,0,50
3900,100,250,Biogas,0,50
3900,200,250,Biogas,0,63.725
3900,300,250,Biogas,0.308,72.075
3900,400,250,Biogas,0.184,79.65
3900,500,250,Biogas,0.152,80.775
3900,0,350,Biogas,0,50
3900,100,350,Biogas,0,50
3900,200,350,Biogas,0,51.55
3900,300,350,Biogas,0.308,64.2
3900,400,350,Biogas,0.304,73.35
3900,500,350,Biogas,0.168,77.25
3900,0,450,Biogas,0,50
3900,100,450,Biogas,0,50
3900,200,450,Biogas,0,51.6
3900,300,450,Biogas,0.308,53.275
3900,400,450,Biogas,0.3,63.3
3900,500,450,Biogas,0.188,71.275
3900,0,550,Biogas,0,50
3900,100,550,Biogas,0,50
3900,200,550,Biogas,0,50
3900,300,550,Biogas,0.296,51.625
3900,400,550,Biogas,0.268,51.6
3900,500,550,Biogas,0.192,59.425
3900,0,650,Biogas,0,50
3900,100,650,Biogas,0,50
3900,200,650,Biogas,0,50
3900,300,650,Biogas,0.296,51.65
3900,400,650,Biogas,0.264,51.625
3900,500,650,Biogas,0.228,51.625
4800,0,150,Biogas,0,50
4800,100,150,Biogas,0,64.675
4800,200,150,Biogas,0,72.05
4800,300,150,Biogas,0.344,73.975
4800,400,150,Biogas,0.192,85.375
4800,500,150,Biogas,0.164,86.375
4800,0,250,Biogas,0,50
4800,100,250,Biogas,0,50
4800,200,250,Biogas,0,63.7
4800,300,250,Biogas,0.316,66.05
4800,400,250,Biogas,0.324,77.425
4800,500,250,Biogas,0.168,84.075
4800,0,350,Biogas,0,50
4800,100,350,Biogas,0,50
4800,200,350,Biogas,0,51.55
4800,300,350,Biogas,0.304,57.6
4800,400,350,Biogas,0.312,64.625
4800,500,350,Biogas,0.212,75.525
4800,0,450,Biogas,0,50
4800,100,450,Biogas,0,50
4800,200,450,Biogas,0,51.6
4800,300,450,Biogas,0.304,51.575
4800,400,450,Biogas,0.316,53
4800,500,450,Biogas,0.196,63.575
4800,0,550,Biogas,0,50
4800,100,550,Biogas,0,50
4800,200,550,Biogas,0,50
4800,300,550,Biogas,0.304,51.575
4800,400,550,Biogas,0.316,51.575
4800,500,550,Biogas,0.256,56.9
4800,0,650,Biogas,0,50
4800,100,650,Biogas,0,50
4800,200,650,Biogas,0,50
4800,300,650,Biogas,0.304,51.575
4800,400,650,Biogas,0.316,51.6
4800,500,650,Biogas,0.296,51.7
3000,0,150,Biogas+CCS,0,50
3000,100,150,Biogas+CCS,0,51.95
3000,200,150,Biogas+CCS,0,63.8
3000,300,150,Biogas+CCS,28.09,67.175
3000,400,150,Biogas+CCS,28.09,68.9
3000,500,150,Biogas+CCS,28.06,61.1
3000,0,250,Biogas+CCS,0,50
3000,100,250,Biogas+CCS,0,50
3000,200,250,Biogas+CCS,0,51.05
3000,300,250,Biogas+CCS,28.05,60.775
3000,400,250,Biogas+CCS,28.09,62.775
3000,500,250,Biogas+CCS,28.06,59.3
3000,0,350,Biogas+CCS,0,50
3000,100,350,Biogas+CCS,0,50
3000,200,350,Biogas+CCS,0,51.05
3000,300,350,Biogas+CCS,28.05,51.075
3000,400,350,Biogas+CCS,28.05,59.825
3000,500,350,Biogas+CCS,28.06,59.75
3000,0,450,Biogas+CCS,0,50
3000,100,450,Biogas+CCS,0,50
3000,200,450,Biogas+CCS,0,50
3000,300,450,Biogas+CCS,28.05,51.075
3000,400,450,Biogas+CCS,28.05,53.2
3000,500,450,Biogas+CCS,28.06,59.275
3000,0,550,Biogas+CCS,0,50
3000,100,550,Biogas+CCS,0,50
3000,200,550,Biogas+CCS,0,50
3000,300,550,Biogas+CCS,28.05,51.125
3000,400,550,Biogas+CCS,28.05,51.3
3000,500,550,Biogas+CCS,28.07,51.95
3000,0,650,Biogas+CCS,0,50
3000,100,650,Biogas+CCS,0,50
3000,200,650,Biogas+CCS,0,50
3000,300,650,Biogas+CCS,28.05,51.2
3000,400,650,Biogas+CCS,28.05,51.375
3000,500,650,Biogas+CCS,28.06,51.6
3900,0,150,Biogas+CCS,0,50
3900,100,150,Biogas+CCS,0,64.675
3900,200,150,Biogas+CCS,0,72.05
3900,300,150,Biogas+CCS,27.71,80.45
3900,400,150,Biogas+CCS,28.04,84.925
3900,500,150,Biogas+CCS,28.09,85.175
3900,0,250,Biogas+CCS,0,50
3900,100,250,Biogas+CCS,0,50
3900,200,250,Biogas+CCS,0,63.725
3900,300,250,Biogas+CCS,27.72,72.075
3900,400,250,Biogas+CCS,27.95,79.65
3900,500,250,Biogas+CCS,28.02,80.775
3900,0,350,Biogas+CCS,0,50
3900,100,350,Biogas+CCS,0,50
3900,200,350,Biogas+CCS,0,51.55
3900,300,350,Biogas+CCS,27.72,64.2
3900,400,350,Biogas+CCS,27.73,73.35
3900,500,350,Biogas+CCS,27.99,77.25
3900,0,450,Biogas+CCS,0,50
3900,100,450,Biogas+CCS,0,50
3900,200,450,Biogas+CCS,0,51.6
3900,300,450,Biogas+CCS,27.72,53.275
3900,400,450,Biogas+CCS,27.74,63.3
3900,500,450,Biogas+CCS,27.95,71.275
3900,0,550,Biogas+CCS,0,50
3900,100,550,Biogas+CCS,0,50
3900,200,550,Biogas+CCS,0,50
3900,300,550,Biogas+CCS,27.75,51.625
3900,400,550,Biogas+CCS,27.8,51.6
3900,500,550,Biogas+CCS,27.94,59.425
3900,0,650,Biogas+CCS,0,50
3900,100,650,Biogas+CCS,0,50
3900,200,650,Biogas+CCS,0,50
3900,300,650,Biogas+CCS,27.75,51.65
3900,400,650,Biogas+CCS,27.8,51.625
3900,500,650,Biogas+CCS,27.88,51.625
4800,0,150,Biogas+CCS,0,50
4800,100,150,Biogas+CCS,0,64.675
4800,200,150,Biogas+CCS,0,72.05
4800,300,150,Biogas+CCS,27.65,73.975
4800,400,150,Biogas+CCS,27.94,85.375
4800,500,150,Biogas+CCS,27.99,86.375
4800,0,250,Biogas+CCS,0,50
4800,100,250,Biogas+CCS,0,50
4800,200,250,Biogas+CCS,0,63.7
4800,300,250,Biogas+CCS,27.71,66.05
4800,400,250,Biogas+CCS,27.69,77.425
4800,500,250,Biogas+CCS,27.98,84.075
4800,0,350,Biogas+CCS,0,50
4800,100,350,Biogas+CCS,0,50
4800,200,350,Biogas+CCS,0,51.55
4800,300,350,Biogas+CCS,27.73,57.6
4800,400,350,Biogas+CCS,27.72,64.625
4800,500,350,Biogas+CCS,27.9,75.525
4800,0,450,Biogas+CCS,0,50
4800,100,450,Biogas+CCS,0,50
4800,200,450,Biogas+CCS,0,51.6
4800,300,450,Biogas+CCS,27.73,51.575
4800,400,450,Biogas+CCS,27.71,53
4800,500,450,Biogas+CCS,27.93,63.575
4800,0,550,Biogas+CCS,0,50
4800,100,550,Biogas+CCS,0,50
4800,200,550,Biogas+CCS,0,50
4800,300,550,Biogas+CCS,27.73,51.575
4800,400,550,Biogas+CCS,27.71,51.575
4800,500,550,Biogas+CCS,27.82,56.9
4800,0,650,Biogas+CCS,0,50
4800,100,650,Biogas+CCS,0,50
4800,200,650,Biogas+CCS,0,50
4800,300,650,Biogas+CCS,27.73,51.575
4800,400,650,Biogas+CCS,27.71,51.6
4800,500,650,Biogas+CCS,27.74,51.7
3000,0,150,Ngas,102.4711,50
3000,100,150,Ngas,8.9585,51.95
3000,200,150,Ngas,0.4934,63.8
3000,300,150,Ngas,0.0399,67.175
3000,400,150,Ngas,0,68.9
3000,500,150,Ngas,0,61.1
3000,0,250,Ngas,101.6017,50
3000,100,250,Ngas,8.9739,50
3000,200,250,Ngas,0.9984,51.05
3000,300,250,Ngas,0.1881,60.775
3000,400,250,Ngas,0,62.775
3000,500,250,Ngas,0,59.3
3000,0,350,Ngas,99.8926,50
3000,100,350,Ngas,9.1409,50
3000,200,350,Ngas,1.0081,51.05
3000,300,350,Ngas,0.4104,51.075
3000,400,350,Ngas,0,59.825
3000,500,350,Ngas,0,59.75
3000,0,450,Ngas,119.2163,50
3000,100,450,Ngas,9.154,50
3000,200,450,Ngas,1.2093,50
3000,300,450,Ngas,0.4788,51.075
3000,400,450,Ngas,0,53.2
3000,500,450,Ngas,0,59.275
3000,0,550,Ngas,124.3599,50
3000,100,550,Ngas,9.1785,50
3000,200,550,Ngas,1.2133,50
3000,300,550,Ngas,0.5016,51.125
3000,400,550,Ngas,0,51.3
3000,500,550,Ngas,0,51.95
3000,0,650,Ngas,148.6651,50
3000,100,650,Ngas,9.203,50
3000,200,650,Ngas,1.2076,50
3000,300,650,Ngas,0.4788,51.2
3000,400,650,Ngas,0,51.375
3000,500,650,Ngas,0,51.6
3900,0,150,Ngas,102.702,50
3900,100,150,Ngas,9.7706,64.675
3900,200,150,Ngas,1.3893,72.05
3900,300,150,Ngas,0,80.45
3900,400,150,Ngas,0,84.925
3900,500,150,Ngas,0,85.175
3900,0,250,Ngas,101.6069,50
3900,100,250,Ngas,9.2325,50
3900,200,250,Ngas,1.7467,63.725
3900,300,250,Ngas,0.1938,72.075
3900,400,250,Ngas,0,79.65
3900,500,250,Ngas,0,80.775
3900,0,350,Ngas,110.3144,50
3900,100,350,Ngas,9.4377,50
3900,200,350,Ngas,1.9148,51.55
3900,300,350,Ngas,0.2793,64.2
3900,400,350,Ngas,0,73.35
3900,500,350,Ngas,0,77.25
3900,0,450,Ngas,119.2094,50
3900,100,450,Ngas,9.5916,50
3900,200,450,Ngas,1.9724,51.6
3900,300,450,Ngas,0.5871,53.275
3900,400,450,Ngas,0,63.3
3900,500,450,Ngas,0,71.275
3900,0,550,Ngas,128.4436,50
3900,100,550,Ngas,9.814,50
3900,200,550,Ngas,2.0773,50
3900,300,550,Ngas,0.5928,51.625
3900,400,550,Ngas,0,51.6
3900,500,550,Ngas,0,59.425
3900,0,650,Ngas,150.3551,50
3900,100,650,Ngas,10.0352,50
3900,200,650,Ngas,2.0813,50
3900,300,650,Ngas,0.5757,51.65
3900,400,650,Ngas,0,51.625
3900,500,650,Ngas,0,51.625
4800,0,150,Ngas,103.3944,50
4800,100,150,Ngas,9.8344,64.675
4800,200,150,Ngas,1.3893,72.05
4800,300,150,Ngas,0.285,73.975
4800,400,150,Ngas,0,85.375
4800,500,150,Ngas,0,86.375
4800,0,250,Ngas,101.5884,50
4800,100,250,Ngas,9.2963,50
4800,200,250,Ngas,1.6783,63.7
4800,300,250,Ngas,0.3819,66.05
4800,400,250,Ngas,0,77.425
4800,500,250,Ngas,0,84.075
4800,0,350,Ngas,100.8194,50
4800,100,350,Ngas,9.3767,50
4800,200,350,Ngas,1.9148,51.55
4800,300,350,Ngas,0.4845,57.6
4800,400,350,Ngas,0,64.625
4800,500,350,Ngas,0,75.525
4800,0,450,Ngas,119.2094,50
4800,100,450,Ngas,9.5147,50
4800,200,450,Ngas,1.9724,51.6
4800,300,450,Ngas,0.6669,51.575
4800,400,450,Ngas,0,53
4800,500,450,Ngas,0,63.575
4800,0,550,Ngas,124.3867,50
4800,100,550,Ngas,9.9525,50
4800,200,550,Ngas,2.0773,50
4800,300,550,Ngas,0.6669,51.575
4800,400,550,Ngas,0,51.575
4800,500,550,Ngas,0,56.9
4800,0,650,Ngas,148.9273,50
4800,100,650,Ngas,9.9252,50
4800,200,650,Ngas,2.0813,50
4800,300,650,Ngas,0.6669,51.575
4800,400,650,Ngas,0,51.6
4800,500,650,Ngas,0,51.7
3000,0,150,Ngas+CCS,0,50
3000,100,150,Ngas+CCS,24.126501,51.95
3000,200,150,Ngas+CCS,17.935465,63.8
3000,300,150,Ngas+CCS,7.896099,67.175
3000,400,150,Ngas+CCS,5.966316,68.9
3000,500,150,Ngas+CCS,0.269664,61.1
3000,0,250,Ngas+CCS,0,50
3000,100,250,Ngas+CCS,23.075935,50
3000,200,250,Ngas+CCS,20.710757,51.05
3000,300,250,Ngas+CCS,8.123628,60.775
3000,400,250,Ngas+CCS,6.030923,62.775
3000,500,250,Ngas+CCS,1.617984,59.3
3000,0,350,Ngas+CCS,0,50
3000,100,350,Ngas+CCS,21.168624,50
3000,200,350,Ngas+CCS,19.865248,51.05
3000,300,350,Ngas+CCS,10.182625,51.075
3000,400,350,Ngas+CCS,5.491595,59.825
3000,500,350,Ngas+CCS,3.17417,59.75
3000,0,450,Ngas+CCS,0,50
3000,100,450,Ngas+CCS,18.868053,50
3000,200,450,Ngas+CCS,19.01693,50
3000,300,450,Ngas+CCS,9.137677,51.075
3000,400,450,Ngas+CCS,6.862387,53.2
3000,500,450,Ngas+CCS,4.179792,59.275
3000,0,550,Ngas+CCS,0,50
3000,100,550,Ngas+CCS,17.132091,50
3000,200,550,Ngas+CCS,18.011308,50
3000,300,550,Ngas+CCS,8.556214,51.125
3000,400,550,Ngas+CCS,7.151714,51.3
3000,500,550,Ngas+CCS,5.567438,51.95
3000,0,650,Ngas+CCS,0,50
3000,100,650,Ngas+CCS,15.882086,50
3000,200,650,Ngas+CCS,17.151754,50
3000,300,650,Ngas+CCS,8.042167,51.2
3000,400,650,Ngas+CCS,6.68542,51.375
3000,500,650,Ngas+CCS,4.896087,51.6
3900,0,150,Ngas+CCS,0,50
3900,100,150,Ngas+CCS,30.938326,64.675
3900,200,150,Ngas+CCS,30.148997,72.05
3900,300,150,Ngas+CCS,14.879273,80.45
3900,400,150,Ngas+CCS,10.387682,84.925
3900,500,150,Ngas+CCS,7.887672,85.175
3900,0,250,Ngas+CCS,0,50
3900,100,250,Ngas+CCS,36.99453,50
3900,200,250,Ngas+CCS,31.727655,63.725
3900,300,250,Ngas+CCS,16.311863,72.075
3900,400,250,Ngas+CCS,9.980377,79.65
3900,500,250,Ngas+CCS,8.356775,80.775
3900,0,350,Ngas+CCS,0,50
3900,100,350,Ngas+CCS,35.238905,50
3900,200,350,Ngas+CCS,36.325988,51.55
3900,300,350,Ngas+CCS,17.83715,64.2
3900,400,350,Ngas+CCS,10.853976,73.35
3900,500,350,Ngas+CCS,8.022504,77.25
3900,0,450,Ngas+CCS,0,50
3900,100,450,Ngas+CCS,33.851259,50
3900,200,450,Ngas+CCS,34.643397,51.6
3900,300,450,Ngas+CCS,21.730424,53.275
3900,400,450,Ngas+CCS,13.162974,63.3
3900,500,450,Ngas+CCS,8.289359,71.275
3900,0,550,Ngas+CCS,0,50
3900,100,550,Ngas+CCS,32.233275,50
3900,200,550,Ngas+CCS,34.601262,50
3900,300,550,Ngas+CCS,20.185474,51.625
3900,400,550,Ngas+CCS,15.471972,51.6
3900,500,550,Ngas+CCS,9.570263,59.425
3900,0,650,Ngas+CCS,0,50
3900,100,650,Ngas+CCS,30.994506,50
3900,200,650,Ngas+CCS,34.452385,50
3900,300,650,Ngas+CCS,18.806255,51.65
3900,400,650,Ngas+CCS,14.205113,51.625
3900,500,650,Ngas+CCS,11.053415,51.625
4800,0,150,Ngas+CCS,0,50
4800,100,150,Ngas+CCS,30.901809,64.675
4800,200,150,Ngas+CCS,30.148997,72.05
4800,300,150,Ngas+CCS,22.028178,73.975
4800,400,150,Ngas+CCS,14.272529,85.375
4800,500,150,Ngas+CCS,13.297806,86.375
4800,0,250,Ngas+CCS,0,50
4800,100,250,Ngas+CCS,36.918687,50
4800,200,250,Ngas+CCS,31.766981,63.7
4800,300,250,Ngas+CCS,23.547847,66.05
4800,400,250,Ngas+CCS,16.519729,77.425
4800,500,250,Ngas+CCS,12.536567,84.075
4800,0,350,Ngas+CCS,0,50
4800,100,350,Ngas+CCS,35.261377,50
4800,200,350,Ngas+CCS,36.328797,51.55
4800,300,350,Ngas+CCS,25.258528,57.6
4800,400,350,Ngas+CCS,21.463569,64.625
4800,500,350,Ngas+CCS,12.52814,75.525
4800,0,450,Ngas+CCS,0,50
4800,100,450,Ngas+CCS,33.890585,50
4800,200,450,Ngas+CCS,34.643397,51.6
4800,300,450,Ngas+CCS,26.441117,51.575
4800,400,450,Ngas+CCS,26.297858,53
4800,500,450,Ngas+CCS,15.873659,63.575
4800,0,550,Ngas+CCS,0,50
4800,100,550,Ngas+CCS,32.171477,50
4800,200,550,Ngas+CCS,34.601262,50
4800,300,550,Ngas+CCS,26.441117,51.575
4800,400,550,Ngas+CCS,25.727631,51.575
4800,500,550,Ngas+CCS,17.570295,56.9
4800,0,650,Ngas+CCS,0,50
4800,100,650,Ngas+CCS,31.025405,50
4800,200,650,Ngas+CCS,34.455194,50
4800,300,650,Ngas+CCS,26.441117,51.575
4800,400,650,Ngas+CCS,24.019759,51.6
4800,500,650,Ngas+CCS,18.856817,51.7
3000,0,150,Nuclear,0.00,50
3000,100,150,Nuclear,92.45,51.95
3000,200,150,Nuclear,129.78,63.8
3000,300,150,Nuclear,133.92,67.175
3000,400,150,Nuclear,132.06,68.9
3000,500,150,Nuclear,160.41,61.1
3000,0,250,Nuclear,0.00,50
3000,100,250,Nuclear,94.67,50
3000,200,250,Nuclear,123.16,51.05
3000,300,250,Nuclear,136.67,60.775
3000,400,250,Nuclear,144.53,62.775
3000,500,250,Nuclear,162.97,59.3
3000,0,350,Nuclear,0.00,50
3000,100,350,Nuclear,98.62,50
3000,200,350,Nuclear,124.46,51.05
3000,300,350,Nuclear,131.83,51.075
3000,400,350,Nuclear,145.92,59.825
3000,500,350,Nuclear,155.07,59.75
3000,0,450,Nuclear,0.00,50
3000,100,450,Nuclear,107.25,50
3000,200,450,Nuclear,126.11,50
3000,300,450,Nuclear,133.58,51.075
3000,400,450,Nuclear,141.43,53.2
3000,500,450,Nuclear,150.15,59.275
3000,0,550,Nuclear,0.00,50
3000,100,550,Nuclear,112.79,50
3000,200,550,Nuclear,128.15,50
3000,300,550,Nuclear,133.94,51.125
3000,400,550,Nuclear,140.21,51.3
3000,500,550,Nuclear,146.29,51.95
3000,0,650,Nuclear,0.00,50
3000,100,650,Nuclear,116.89,50
3000,200,650,Nuclear,129.88,50
3000,300,650,Nuclear,134.78,51.2
3000,400,650,Nuclear,140.93,51.375
3000,500,650,Nuclear,147.67,51.6
3900,0,150,Nuclear,0.00,50
3900,100,150,Nuclear,0.00,64.675
3900,200,150,Nuclear,0.00,72.05
3900,300,150,Nuclear,20.49,80.45
3900,400,150,Nuclear,32.52,84.925
3900,500,150,Nuclear,40.38,85.175
3900,0,250,Nuclear,0.00,50
3900,100,250,Nuclear,0.00,50
3900,200,250,Nuclear,0.00,63.725
3900,300,250,Nuclear,19.01,72.075
3900,400,250,Nuclear,35.83,79.65
3900,500,250,Nuclear,40.81,80.775
3900,0,350,Nuclear,0.00,50
3900,100,350,Nuclear,0.00,50
3900,200,350,Nuclear,0.00,51.55
3900,300,350,Nuclear,17.80,64.2
3900,400,350,Nuclear,34.83,73.35
3900,500,350,Nuclear,42.41,77.25
3900,0,450,Nuclear,0.00,50
3900,100,450,Nuclear,0.00,50
3900,200,450,Nuclear,0.00,51.6
3900,300,450,Nuclear,13.35,53.275
3900,400,450,Nuclear,35.30,63.3
3900,500,450,Nuclear,47.63,71.275
3900,0,550,Nuclear,0.00,50
3900,100,550,Nuclear,0.00,50
3900,200,550,Nuclear,0.00,50
3900,300,550,Nuclear,21.98,51.625
3900,400,550,Nuclear,46.33,51.6
3900,500,550,Nuclear,65.85,59.425
3900,0,650,Nuclear,0.00,50
3900,100,650,Nuclear,0.00,50
3900,200,650,Nuclear,0.01,50
3900,300,650,Nuclear,25.83,51.65
3900,400,650,Nuclear,50.54,51.625
3900,500,650,Nuclear,72.29,51.625
4800,0,150,Nuclear,0.00,50
4800,100,150,Nuclear,0.00,64.675
4800,200,150,Nuclear,0.00,72.05
4800,300,150,Nuclear,0.00,73.975
4800,400,150,Nuclear,0.00,85.375
4800,500,150,Nuclear,0.00,86.375
4800,0,250,Nuclear,0.00,50
4800,100,250,Nuclear,0.00,50
4800,200,250,Nuclear,0.00,63.7
4800,300,250,Nuclear,0.00,66.05
4800,400,250,Nuclear,0.00,77.425
4800,500,250,Nuclear,0.00,84.075
4800,0,350,Nuclear,0.00,50
4800,100,350,Nuclear,0.00,50
4800,200,350,Nuclear,0.00,51.55
4800,300,350,Nuclear,0.00,57.6
4800,400,350,Nuclear,0.00,64.625
4800,500,350,Nuclear,16.52,75.525
4800,0,450,Nuclear,0.00,50
4800,100,450,Nuclear,0.00,50
4800,200,450,Nuclear,0.00,51.6
4800,300,450,Nuclear,0.00,51.575
4800,400,450,Nuclear,0.00,53
4800,500,450,Nuclear,23.58,63.575
4800,0,550,Nuclear,0.00,50
4800,100,550,Nuclear,0.00,50
4800,200,550,Nuclear,0.00,50
4800,300,550,Nuclear,0.00,51.575
4800,400,550,Nuclear,2.33,51.575
4800,500,550,Nuclear,21.11,56.9
4800,0,650,Nuclear,0.00,50
4800,100,650,Nuclear,0.00,50
4800,200,650,Nuclear,0.00,50
4800,300,650,Nuclear,0.00,51.575
4800,400,650,Nuclear,6.87,51.6
4800,500,650,Nuclear,19.40,51.7
